token,claimable_amount
bcvxCRV,18040.714699259377839614
bveCVX,2794.259593483267439776
bCVX,816.419200067112707272
BADGER,161.233817155893776986
