token,claimable_amount
bcvxCRV,18062.326547035254292244
bveCVX,2795.791591385240677916
bCVX,816.419200067112707272
BADGER,164.244633607133173548
