token,claimable_amount
bcvxCRV,18296.91960982361888815
bveCVX,2881.721224137029192197
bCVX,816.419200067112707272
BADGER,275.572985167330405925
