token,claimable_amount
bcvxCRV,256.20491056424
bveCVX,87.4616306537614
bCVX,0.0
BADGER,114.33916801143664
