token,claimable_amount
CVX,222.671360708843997871
CRV,1287.117691958635825851
BADGER,6961.242769653434709273
WBTC,2.08018343
