{
    "amount0": 9.84319932,
    "amount1": 917326.1461779871,
    "liquidity": 719400689859826733,
    "lowerTick": 299340,
    "tokenId": 151049,
    "upperTick": 306240
}