{
    "amount0": 30.91047545,
    "amount1": 215666.45825557644,
    "liquidity": 172935956570989720,
    "lowerTick": 306240,
    "tokenId": 158625,
    "upperTick": 313200
}