{
    "amount0": 19.107256692287137,
    "amount1": 81715.67414189917,
    "liquidity": 10045740743300893339638,
    "lowerTick": 59700,
    "tokenId": 434246,
    "upperTick": 67680
}