{
    "amount0": 131097.8600741058,
    "amount1": 12.763278555658196,
    "liquidity": 8565873250008086395281,
    "lowerTick": -103740,
    "tokenId": 749560,
    "upperTick": -96720
}